Carimbo de data/hora;Qual sua faixa etária?;Qual seu nível de escolaridade?;Qual sua renda familiar mensal?;A sua última viagem intermunicipal (entre municípios) foi:;A viagem foi realizada em qual período do dia?;Qual o motivo da viagem?;Motivo Agrupado;Qual o município de ORIGEM;Qual o município de DESTINO;Qual foi o principal meio de transporte que você usou?;Modal Agrupado;Quanto tempo durou a viagem?;Com que frequência você faz essa viagem?
2025/03/10 7:03:32 PM GMT-3;18 a 24 anos;Ensino Superior incompleto;Entre 4 e 10 salários mínimos;Rotineira (faço regularmente, como trabalho ou estudo);Madrugada (00h - 5h);Visita a amigos/familiares;Visita a amigos/familiares;São Luís;Alcântara;Moto própria;Moto própria;Entre 1 e 2 horas;Muito raramente
2025/03/10 7:04:28 PM GMT-3;25 a 34 anos;Ensino Superior incompleto;Entre 4 e 10 salários mínimos;Pontual (evento esporádico, como consulta médica, lazer, etc.);Noite (18h - 00h);Lazer;Lazer;São Luís;Alcântara;Carro próprio;Carro próprio;Entre 30 e 60 minutos;Muito raramente
2025/03/10 7:07:57 PM GMT-3;18 a 24 anos;Ensino Superior incompleto;Entre 2 e 4 salários mínimos;Pontual (evento esporádico, como consulta médica, lazer, etc.);Noite (18h - 00h);Lazer;Lazer;São Luís;Alcântara;Carro próprio;Carro próprio;Entre 1 e 2 horas;Muito raramente
2025/03/10 7:09:05 PM GMT-3;18 a 24 anos;Ensino Superior incompleto;Entre 2 e 4 salários mínimos;Pontual (evento esporádico, como consulta médica, lazer, etc.);Manhã (5h - 12h);Lazer;Lazer;São Luís;FORA DA RMGSL;Carro próprio;Carro próprio;Mais de 2 horas;Muito raramente
2025/03/10 7:09:42 PM GMT-3;18 a 24 anos;Ensino Superior incompleto;Até 1 salário mínimo;Rotineira (faço regularmente, como trabalho ou estudo);Noite (18h - 00h);Estudo;Estudo;Axixá;Axixá;Van ;Transporte Alternativo;Entre 1 e 2 horas;3 a 5 vezes por semana
2025/03/10 7:10:34 PM GMT-3;25 a 34 anos;Ensino Superior incompleto;Acima de 10 salários mínimos;Rotineira (faço regularmente, como trabalho ou estudo);Manhã (5h - 12h);Visita a amigos/familiares;Visita a amigos/familiares;São Luís;Axixá;Carro próprio;Carro próprio;Mais de 2 horas;3 a 5 vezes por semana
2025/03/10 7:27:53 PM GMT-3;25 a 34 anos;Ensino Médio completo;Entre 2 e 4 salários mínimos;Rotineira (faço regularmente, como trabalho ou estudo);Tarde (12h - 18h);Visita a amigos/familiares;Visita a amigos/familiares;São Luís;Axixá;Ônibus;Ônibus;Mais de 2 horas;Muito raramente
2025/03/12 10:01:54 AM GMT-3;18 a 24 anos;Ensino Superior incompleto;Entre 1 e 2 salários mínimos;Pontual (evento esporádico, como consulta médica, lazer, etc.);Tarde (12h - 18h);Visita a amigos/familiares;Visita a amigos/familiares;São Luís;Bacabal;Ônibus;Ônibus;Entre 30 e 60 minutos;1 a 3 vezes por mês
2025/03/12 10:10:19 AM GMT-3;18 a 24 anos;Ensino Médio completo;Acima de 10 salários mínimos;Rotineira (faço regularmente, como trabalho ou estudo);Manhã (5h - 12h);Estudo;Estudo;Rosário;Bacabeira;Ferriboat;Transporte Aquaviário;Mais de 2 horas;1 a 3 vezes por mês
2025/03/12 11:46:26 AM GMT-3;25 a 34 anos;Ensino Superior completo ou mais;Até 1 salário mínimo;Rotineira (faço regularmente, como trabalho ou estudo);Manhã (5h - 12h);Estudo;Estudo;São Luís;Bacabeira;Ônibus;Ônibus;Mais de 2 horas;Todos os dias
2025/03/12 3:02:19 PM GMT-3;25 a 34 anos;Ensino Superior incompleto;Entre 2 e 4 salários mínimos;Rotineira (faço regularmente, como trabalho ou estudo);Manhã (5h - 12h);Trabalho;Trabalho;São Luís;Bacabeira;Carro próprio;Carro próprio;Entre 30 e 60 minutos;3 a 5 vezes por semana
2025/03/13 3:06:47 PM GMT-3;25 a 34 anos;Ensino Superior completo ou mais;Acima de 10 salários mínimos;Rotineira (faço regularmente, como trabalho ou estudo);Manhã (5h - 12h);Trabalho;Trabalho;São Luís;FORA DA RMGSL;Carro próprio;Carro próprio;Entre 30 e 60 minutos;Todos os dias
2025/03/13 3:14:26 PM GMT-3;35 a 44 anos;Ensino Superior completo ou mais;Entre 4 e 10 salários mínimos;Rotineira (faço regularmente, como trabalho ou estudo);Tarde (12h - 18h);Trabalho;Trabalho;São Luís;FORA DA RMGSL;Carro próprio;Carro próprio;Menos de 15 minutos;3 a 5 vezes por semana
2025/03/13 3:16:42 PM GMT-3;25 a 34 anos;Ensino Superior completo ou mais;Entre 4 e 10 salários mínimos;Rotineira (faço regularmente, como trabalho ou estudo);Manhã (5h - 12h);Trabalho;Trabalho;São Luís;FORA DA RMGSL;Moto própria;Moto própria;Entre 15 e 30 minutos;Todos os dias
2025/03/13 3:53:44 PM GMT-3;35 a 44 anos;Ensino Médio completo;Até 1 salário mínimo;Rotineira (faço regularmente, como trabalho ou estudo);Tarde (12h - 18h);Trabalho;Trabalho;São Luís;FORA DA RMGSL;Alternativo vans ;Transporte Alternativo;Entre 1 e 2 horas;3 a 5 vezes por semana
2025/03/13 4:22:01 PM GMT-3;45 a 59 anos;Ensino Superior completo ou mais;Entre 2 e 4 salários mínimos;Pontual (evento esporádico, como consulta médica, lazer, etc.);Tarde (12h - 18h);Trabalho;Trabalho;Cachoeira Grande;FORA DA RMGSL;Transporte alternativo ;Transporte Alternativo;Entre 1 e 2 horas;1 a 2 vezes por semana
2025/03/13 4:33:30 PM GMT-3;45 a 59 anos;Ensino Fundamental completo;Entre 1 e 2 salários mínimos;Pontual (evento esporádico, como consulta médica, lazer, etc.);Madrugada (00h - 5h);Saúde (consultas médicas, exames);Saúde (consultas médicas, exames);São José de Ribamar;FORA DA RMGSL;Transporte alternativo, vans;Transporte Alternativo;Entre 30 e 60 minutos;Todos os dias
2025/03/13 4:34:48 PM GMT-3;45 a 59 anos;Ensino Superior completo ou mais;Entre 2 e 4 salários mínimos;Rotineira (faço regularmente, como trabalho ou estudo);Manhã (5h - 12h);Trabalho;Trabalho;São Luís;FORA DA RMGSL;alternativo VANS;Transporte Alternativo;Entre 30 e 60 minutos;Todos os dias
2025/03/13 4:36:19 PM GMT-3;35 a 44 anos;Ensino Médio completo;Entre 1 e 2 salários mínimos;Rotineira (faço regularmente, como trabalho ou estudo);Tarde (12h - 18h);Trabalho;Trabalho;São Luís;FORA DA RMGSL;Alternativo vans;Transporte Alternativo;Entre 1 e 2 horas;1 a 2 vezes por semana
2025/03/13 4:36:51 PM GMT-3;35 a 44 anos;Ensino Médio completo;Entre 2 e 4 salários mínimos;Rotineira (faço regularmente, como trabalho ou estudo);Manhã (5h - 12h);Compras e serviços;Compras e serviços;Cachoeira Grande;FORA DA RMGSL;Alternativo (van);Transporte Alternativo;Entre 30 e 60 minutos;Todos os dias
2025/03/13 4:43:06 PM GMT-3;25 a 34 anos;Ensino Superior incompleto;Entre 1 e 2 salários mínimos;Rotineira (faço regularmente, como trabalho ou estudo);Manhã (5h - 12h);Estudo;Estudo;Cachoeira Grande;Cachoeira Grande;Van transporte alternativo ;Transporte Alternativo;Entre 30 e 60 minutos;Todos os dias
2025/03/13 5:12:07 PM GMT-3;25 a 34 anos;Ensino Superior incompleto;Entre 4 e 10 salários mínimos;Rotineira (faço regularmente, como trabalho ou estudo);Manhã (5h - 12h);Estudo;Estudo;Cachoeira Grande;Cachoeira Grande;Carro próprio;Carro próprio;Entre 15 e 30 minutos;Todos os dias
2025/03/13 6:04:58 PM GMT-3;35 a 44 anos;Ensino Médio completo;Entre 2 e 4 salários mínimos;Pontual (evento esporádico, como consulta médica, lazer, etc.);Madrugada (00h - 5h);Trabalho;Trabalho;Paço do Lumiar;Cachoeira Grande;Alternativo vans;Transporte Alternativo;Menos de 15 minutos;Todos os dias
2025/03/13 7:29:50 PM GMT-3;45 a 59 anos;Ensino Superior completo ou mais;Entre 4 e 10 salários mínimos;Rotineira (faço regularmente, como trabalho ou estudo);Manhã (5h - 12h);Trabalho;Trabalho;São Luís;Cachoeira Grande;Carro próprio;Carro próprio;Entre 15 e 30 minutos;Todos os dias
2025/03/13 7:30:26 PM GMT-3;25 a 34 anos;Ensino Médio completo;Entre 2 e 4 salários mínimos;Rotineira (faço regularmente, como trabalho ou estudo);Manhã (5h - 12h);Trabalho;Trabalho;São Luís;Candido Mendes ;Van alternativa;Transporte Alternativo;Entre 1 e 2 horas;3 a 5 vezes por semana
2025/03/13 7:41:00 PM GMT-3;35 a 44 anos;Ensino Médio completo;Prefiro não dizer;Rotineira (faço regularmente, como trabalho ou estudo);Manhã (5h - 12h);Trabalho, levar os filhos a escola ;Trabalho;São Luís;FORA DA RMGSL;Transporte Alternativo complementar vans ;Transporte Alternativo;Entre 30 e 60 minutos;Todos os dias
2025/03/14 7:16:17 AM GMT-3;25 a 34 anos;Ensino Superior incompleto;Entre 2 e 4 salários mínimos;Pontual (evento esporádico, como consulta médica, lazer, etc.);Tarde (12h - 18h);Visita a amigos/familiares;Visita a amigos/familiares;São Luís;FORA DA RMGSL;Transporte por aplicativo (Uber, 99);Transporte por Aplicativo;Entre 15 e 30 minutos;Muito raramente
2025/03/14 10:57:28 AM GMT-3;60 anos ou mais;Ensino Superior completo ou mais;Prefiro não dizer;Rotineira (faço regularmente, como trabalho ou estudo);Manhã (5h - 12h);Saúde (consultas médicas, exames);Saúde (consultas médicas, exames);Cachoeira Grande;FORA DA RMGSL;Carro próprio;Carro próprio;Entre 30 e 60 minutos;Muito raramente
2025/03/14 11:35:40 AM GMT-3;35 a 44 anos;Ensino Superior completo ou mais;Entre 4 e 10 salários mínimos;Pontual (evento esporádico, como consulta médica, lazer, etc.);Manhã (5h - 12h);Trabalho;Trabalho;São Luís;FORA DA RMGSL;Carro próprio;Carro próprio;Entre 15 e 30 minutos;Muito raramente
2025/03/14 12:40:46 PM GMT-3;35 a 44 anos;Ensino Superior incompleto;Entre 1 e 2 salários mínimos;Rotineira (faço regularmente, como trabalho ou estudo);Tarde (12h - 18h);Trabalho;Trabalho;São Luís;FORA DA RMGSL;Transporte alternativo - Van;Transporte Alternativo;Entre 30 e 60 minutos;Todos os dias
2025/03/14 12:59:56 PM GMT-3;45 a 59 anos;Ensino Médio completo;Prefiro não dizer;Rotineira (faço regularmente, como trabalho ou estudo);Manhã (5h - 12h);Visita a amigos/familiares;Visita a amigos/familiares;São Luís;FORA DA RMGSL;Transporte alternativo - Van;Transporte Alternativo;Entre 30 e 60 minutos;3 a 5 vezes por semana
2025/03/14 1:06:11 PM GMT-3;25 a 34 anos;Ensino Superior completo ou mais;Entre 1 e 2 salários mínimos;Rotineira (faço regularmente, como trabalho ou estudo);Manhã (5h - 12h);Trabalho;Trabalho;São Luís;FORA DA RMGSL;Transporte alternativo - Van;Transporte Alternativo;Entre 30 e 60 minutos;3 a 5 vezes por semana
2025/03/14 1:07:26 PM GMT-3;18 a 24 anos;Ensino Superior incompleto;Entre 1 e 2 salários mínimos;Rotineira (faço regularmente, como trabalho ou estudo);Manhã (5h - 12h);Estudo;Estudo;São Luís;FORA DA RMGSL;Ônibus;Ônibus;Entre 30 e 60 minutos;3 a 5 vezes por semana
2025/03/14 1:27:51 PM GMT-3;18 a 24 anos;Ensino Superior incompleto;Entre 1 e 2 salários mínimos;Pontual (evento esporádico, como consulta médica, lazer, etc.);Manhã (5h - 12h);Visita a amigos/familiares;Visita a amigos/familiares;São Luís;FORA DA RMGSL;Transporte alternativo - Van;Transporte Alternativo;Entre 30 e 60 minutos;1 a 3 vezes por mês
2025/03/14 1:39:20 PM GMT-3;45 a 59 anos;Ensino Médio completo;Prefiro não dizer;Pontual (evento esporádico, como consulta médica, lazer, etc.);Tarde (12h - 18h);Compras e serviços;Compras e serviços;São Luís;FORA DA RMGSL;Transporte alternativo - Van;Transporte Alternativo;Entre 1 e 2 horas;1 a 2 vezes por semana
2025/03/14 1:50:57 PM GMT-3;45 a 59 anos;Ensino Superior completo ou mais;Entre 4 e 10 salários mínimos;Pontual (evento esporádico, como consulta médica, lazer, etc.);Manhã (5h - 12h);Lazer;Lazer;Raposa;Icatu;Carona com alguém;Carona com alguém;Entre 30 e 60 minutos;Muito raramente
2025/03/14 1:53:02 PM GMT-3;45 a 59 anos;Ensino Médio completo;Prefiro não dizer;Pontual (evento esporádico, como consulta médica, lazer, etc.);Manhã (5h - 12h);Saúde (consultas médicas, exames);Saúde (consultas médicas, exames);São Luís;Icatu;Ônibus;Ônibus;Entre 1 e 2 horas;3 a 5 vezes por semana
2025/03/14 2:04:04 PM GMT-3;25 a 34 anos;Ensino Superior completo ou mais;Entre 4 e 10 salários mínimos;Pontual (evento esporádico, como consulta médica, lazer, etc.);Tarde (12h - 18h);Visita a amigos/familiares;Visita a amigos/familiares;São Luís;Icatu;Carro próprio;Carro próprio;Entre 30 e 60 minutos;1 a 3 vezes por mês
2025/03/14 2:04:09 PM GMT-3;45 a 59 anos;Ensino Médio completo;Entre 2 e 4 salários mínimos;Rotineira (faço regularmente, como trabalho ou estudo);Manhã (5h - 12h);Trabalho;Trabalho;São Luís;Icatu;Alternativo vans;Transporte Alternativo;Entre 1 e 2 horas;Todos os dias
2025/03/14 2:16:04 PM GMT-3;60 anos ou mais;Ensino Superior completo ou mais;Acima de 10 salários mínimos;Pontual (evento esporádico, como consulta médica, lazer, etc.);Manhã (5h - 12h);Lazer;Lazer;São Luís;Icatu;Carro próprio;Carro próprio;Entre 1 e 2 horas;Muito raramente
2025/03/14 2:30:21 PM GMT-3;18 a 24 anos;Ensino Médio completo;Entre 1 e 2 salários mínimos;Rotineira (faço regularmente, como trabalho ou estudo);Manhã (5h - 12h);Estudo;Estudo;São Luís;Icatu;Ônibus;Ônibus;Entre 15 e 30 minutos;Todos os dias
2025/03/14 2:49:39 PM GMT-3;18 a 24 anos;Ensino Superior incompleto;Até 1 salário mínimo;Pontual (evento esporádico, como consulta médica, lazer, etc.);Tarde (12h - 18h);Visita a amigos/familiares;Visita a amigos/familiares;São Luís;Icatu;Ônibus;Ônibus;Entre 1 e 2 horas;1 a 3 vezes por mês
2025/03/14 2:54:22 PM GMT-3;18 a 24 anos;Ensino Médio completo;Entre 1 e 2 salários mínimos;Rotineira (faço regularmente, como trabalho ou estudo);Manhã (5h - 12h);Trabalho;Trabalho;São Luís;Icatu;Transporte alternativo - Van;Transporte Alternativo;Entre 30 e 60 minutos;Todos os dias
2025/03/14 3:01:50 PM GMT-3;18 a 24 anos;Ensino Médio completo;Entre 1 e 2 salários mínimos;Pontual (evento esporádico, como consulta médica, lazer, etc.);Tarde (12h - 18h);Visita a amigos/familiares;Visita a amigos/familiares;São Luís;FORA DA RMGSL;Ônibus;Ônibus;Mais de 2 horas;Muito raramente
2025/03/14 3:03:14 PM GMT-3;35 a 44 anos;Ensino Superior completo ou mais;Entre 2 e 4 salários mínimos;Pontual (evento esporádico, como consulta médica, lazer, etc.);Manhã (5h - 12h);Estudo;Estudo;São Luís;FORA DA RMGSL;Carro próprio;Carro próprio;Entre 15 e 30 minutos;Todos os dias
2025/03/14 3:03:37 PM GMT-3;18 a 24 anos;Ensino Superior incompleto;Entre 4 e 10 salários mínimos;Pontual (evento esporádico, como consulta médica, lazer, etc.);Tarde (12h - 18h);Lazer;Lazer;São Luís;FORA DA RMGSL;Ônibus;Ônibus;Entre 30 e 60 minutos;Muito raramente
2025/03/14 3:03:59 PM GMT-3;35 a 44 anos;Ensino Médio completo;Entre 1 e 2 salários mínimos;Pontual (evento esporádico, como consulta médica, lazer, etc.);Manhã (5h - 12h);Visita a amigos/familiares;Visita a amigos/familiares;São Luís;FORA DA RMGSL;Transporte alternativo - Van;Transporte Alternativo;Entre 30 e 60 minutos;Todos os dias
2025/03/14 3:08:32 PM GMT-3;45 a 59 anos;Ensino Médio incompleto;Entre 4 e 10 salários mínimos;Pontual (evento esporádico, como consulta médica, lazer, etc.);Manhã (5h - 12h);Saúde (consultas médicas, exames);Saúde (consultas médicas, exames);Cachoeira Grande;Morros;Ônibus;Ônibus;Entre 30 e 60 minutos;1 a 3 vezes por mês
2025/03/14 3:09:18 PM GMT-3;18 a 24 anos;Ensino Superior incompleto;Entre 2 e 4 salários mínimos;Pontual (evento esporádico, como consulta médica, lazer, etc.);Tarde (12h - 18h);Lazer;Lazer;Raposa;Morros;Carona com alguém;Carona com alguém;Entre 1 e 2 horas;Muito raramente
2025/03/14 3:17:56 PM GMT-3;18 a 24 anos;Ensino Superior incompleto;Entre 2 e 4 salários mínimos;Rotineira (faço regularmente, como trabalho ou estudo);Manhã (5h - 12h);Estudo;Estudo;São Luís;Morros;Ônibus;Ônibus;Entre 1 e 2 horas;Todos os dias
2025/03/14 3:18:40 PM GMT-3;18 a 24 anos;Ensino Superior incompleto;Entre 2 e 4 salários mínimos;Pontual (evento esporádico, como consulta médica, lazer, etc.);Tarde (12h - 18h);Visita a amigos/familiares;Visita a amigos/familiares;São Luís;Morros;Transporte alternativo - Van;Transporte Alternativo;Mais de 2 horas;Muito raramente
2025/03/14 3:25:45 PM GMT-3;18 a 24 anos;Ensino Superior incompleto;Até 1 salário mínimo;Rotineira (faço regularmente, como trabalho ou estudo);Manhã (5h - 12h);Estudo;Estudo;São Luís;Morros;Ônibus;Ônibus;Mais de 2 horas;Todos os dias
2025/03/14 3:29:21 PM GMT-3;18 a 24 anos;Ensino Médio completo;Entre 1 e 2 salários mínimos;Rotineira (faço regularmente, como trabalho ou estudo);Manhã (5h - 12h);Estudo;Estudo;São Luís;Morros;Ônibus;Ônibus;Entre 1 e 2 horas;3 a 5 vezes por semana
2025/03/14 3:34:35 PM GMT-3;18 a 24 anos;Ensino Superior incompleto;Entre 2 e 4 salários mínimos;Rotineira (faço regularmente, como trabalho ou estudo);Manhã (5h - 12h);Visita a amigos/familiares;Visita a amigos/familiares;São Luís;Morros;Carro próprio;Carro próprio;Mais de 2 horas;Muito raramente
2025/03/14 3:35:18 PM GMT-3;35 a 44 anos;Ensino Superior completo ou mais;Entre 4 e 10 salários mínimos;Pontual (evento esporádico, como consulta médica, lazer, etc.);Tarde (12h - 18h);Lazer;Lazer;São Luís;Morros;Carro próprio;Carro próprio;Entre 15 e 30 minutos;Muito raramente
2025/03/14 3:42:00 PM GMT-3;18 a 24 anos;Ensino Superior incompleto;Até 1 salário mínimo;Rotineira (faço regularmente, como trabalho ou estudo);Manhã (5h - 12h);Estudo;Estudo;São Luís;Morros;Ônibus;Ônibus;Entre 15 e 30 minutos;3 a 5 vezes por semana
2025/03/14 3:42:11 PM GMT-3;18 a 24 anos;Ensino Médio completo;Até 1 salário mínimo;Rotineira (faço regularmente, como trabalho ou estudo);Manhã (5h - 12h);Saúde (consultas médicas, exames);Saúde (consultas médicas, exames);São Luís;Morros;Transporte alternativo - Van;Transporte Alternativo;Entre 30 e 60 minutos;Todos os dias
2025/03/14 4:06:23 PM GMT-3;45 a 59 anos;Ensino Superior incompleto;Até 1 salário mínimo;Rotineira (faço regularmente, como trabalho ou estudo);Manhã (5h - 12h);Trabalho;Trabalho;São Luís;Morros;Ônibus;Ônibus;Entre 30 e 60 minutos;Todos os dias
2025/03/14 4:10:28 PM GMT-3;35 a 44 anos;Ensino Superior completo ou mais;Entre 2 e 4 salários mínimos;Rotineira (faço regularmente, como trabalho ou estudo);Manhã (5h - 12h);Trabalho;Trabalho;São Luís;Morros;Carro próprio;Carro próprio;Mais de 2 horas;Muito raramente
2025/03/14 4:24:03 PM GMT-3;18 a 24 anos;Ensino Superior incompleto;Entre 1 e 2 salários mínimos;Rotineira (faço regularmente, como trabalho ou estudo);Manhã (5h - 12h);Estudo;Estudo;São José de Ribamar;Paço do Lumiar;Ônibus;Ônibus;Mais de 2 horas;3 a 5 vezes por semana
2025/03/14 4:24:54 PM GMT-3;60 anos ou mais;Ensino Superior completo ou mais;Entre 1 e 2 salários mínimos;Pontual (evento esporádico, como consulta médica, lazer, etc.);Tarde (12h - 18h);Compras e serviços;Compras e serviços;São José de Ribamar;Paço do Lumiar;Carona com alguém;Carona com alguém;Mais de 2 horas;Muito raramente
2025/03/14 4:39:22 PM GMT-3;18 a 24 anos;Ensino Médio completo;Prefiro não dizer;Pontual (evento esporádico, como consulta médica, lazer, etc.);Tarde (12h - 18h);Lazer;Lazer;São Luís;Paço do Lumiar;Ônibus;Ônibus;Entre 1 e 2 horas;Muito raramente
2025/03/14 4:46:38 PM GMT-3;45 a 59 anos;Ensino Superior completo ou mais;Prefiro não dizer;Pontual (evento esporádico, como consulta médica, lazer, etc.);Manhã (5h - 12h);Trabalho;Trabalho;São Luís;Paço do Lumiar;Carona com alguém;Carona com alguém;Entre 1 e 2 horas;Muito raramente
2025/03/14 5:00:22 PM GMT-3;60 anos ou mais;Ensino Fundamental incompleto;Até 1 salário mínimo;Pontual (evento esporádico, como consulta médica, lazer, etc.);Manhã (5h - 12h);Trabalho;Trabalho;São Luís;Paço do Lumiar;Transporte alternativo - Van;Transporte Alternativo;Entre 1 e 2 horas;1 a 3 vezes por mês
2025/03/14 5:48:38 PM GMT-3;25 a 34 anos;Ensino Superior completo ou mais;Entre 1 e 2 salários mínimos;Pontual (evento esporádico, como consulta médica, lazer, etc.);Manhã (5h - 12h);Lazer;Lazer;São Luís;Paço do Lumiar;Carro próprio;Carro próprio;Mais de 2 horas;Muito raramente
2025/03/14 6:43:15 PM GMT-3;45 a 59 anos;Ensino Médio incompleto;Prefiro não dizer;Rotineira (faço regularmente, como trabalho ou estudo);Manhã (5h - 12h);Trabalho;Trabalho;São Luís;Paço do Lumiar;Transporte alternativo - Van;Transporte Alternativo;Entre 1 e 2 horas;Todos os dias
2025/03/14 7:25:24 PM GMT-3;18 a 24 anos;Ensino Superior incompleto;Até 1 salário mínimo;Rotineira (faço regularmente, como trabalho ou estudo);Madrugada (00h - 5h);Estudo;Estudo;São Luís;Paço do Lumiar;Carona com alguém;Carona com alguém;Mais de 2 horas;1 a 3 vezes por mês
2025/03/14 7:55:11 PM GMT-3;18 a 24 anos;Ensino Superior incompleto;Entre 1 e 2 salários mínimos;Pontual (evento esporádico, como consulta médica, lazer, etc.);Manhã (5h - 12h);Lazer;Lazer;São Luís;Paço do Lumiar;Ônibus;Ônibus;Mais de 2 horas;Muito raramente
2025/03/14 8:28:12 PM GMT-3;45 a 59 anos;Ensino Superior incompleto;Entre 1 e 2 salários mínimos;Rotineira (faço regularmente, como trabalho ou estudo);Manhã (5h - 12h);Trabalho;Trabalho;São Luís;Paço do Lumiar;Transporte alternativo - Van;Transporte Alternativo;Entre 30 e 60 minutos;Todos os dias
2025/03/14 8:42:50 PM GMT-3;45 a 59 anos;Ensino Médio completo;Até 1 salário mínimo;;Tarde (12h - 18h);Visita a amigos/familiares;Visita a amigos/familiares;São Luís;Paço do Lumiar;Ônibus;Ônibus;Entre 30 e 60 minutos;1 a 3 vezes por mês
2025/03/14 8:46:54 PM GMT-3;35 a 44 anos;Ensino Fundamental incompleto;Até 1 salário mínimo;Pontual (evento esporádico, como consulta médica, lazer, etc.);Noite (18h - 00h);Trabalho;Trabalho;São Luís;Paço do Lumiar;Transporte alternativo - Van;Transporte Alternativo;Entre 30 e 60 minutos;Todos os dias
2025/03/14 8:51:10 PM GMT-3;25 a 34 anos;Ensino Superior completo ou mais;Entre 4 e 10 salários mínimos;Pontual (evento esporádico, como consulta médica, lazer, etc.);Manhã (5h - 12h);Lazer;Lazer;São Luís;Paço do Lumiar;Carona com alguém;Carona com alguém;Entre 15 e 30 minutos;Muito raramente
2025/03/14 9:09:26 PM GMT-3;18 a 24 anos;Ensino Superior incompleto;Até 1 salário mínimo;Rotineira (faço regularmente, como trabalho ou estudo);Noite (18h - 00h);Estudo;Estudo;São Luís;Paço do Lumiar;Ônibus;Ônibus;Mais de 2 horas;Todos os dias
2025/03/14 9:35:27 PM GMT-3;45 a 59 anos;Ensino Superior completo ou mais;Entre 2 e 4 salários mínimos;Rotineira (faço regularmente, como trabalho ou estudo);Manhã (5h - 12h);Trabalho;Trabalho;São Luís;Paulinho Neves ;Transporte alternativo - Van;Transporte Alternativo;Entre 15 e 30 minutos;Todos os dias
2025/03/14 10:29:07 PM GMT-3;60 anos ou mais;Ensino Superior completo ou mais;Prefiro não dizer;Pontual (evento esporádico, como consulta médica, lazer, etc.);Madrugada (00h - 5h);Lazer;Lazer;São Luís;FORA DA RMGSL;Transporte por aplicativo (Uber, 99);Transporte por Aplicativo;Entre 30 e 60 minutos;Muito raramente
2025/03/15 5:59:29 AM GMT-3;45 a 59 anos;Ensino Superior incompleto;Prefiro não dizer;Rotineira (faço regularmente, como trabalho ou estudo);Manhã (5h - 12h);Trabalho;Trabalho;São Luís;FORA DA RMGSL;Transporte alternativo - Van;Transporte Alternativo;Entre 30 e 60 minutos;Todos os dias
2025/03/15 8:52:49 AM GMT-3;45 a 59 anos;Ensino Superior completo ou mais;Acima de 10 salários mínimos;Rotineira (faço regularmente, como trabalho ou estudo);Manhã (5h - 12h);Trabalho;Trabalho;São Luís;FORA DA RMGSL;Ônibus;Ônibus;Entre 1 e 2 horas;3 a 5 vezes por semana
2025/03/15 9:21:20 AM GMT-3;45 a 59 anos;Ensino Superior completo ou mais;Entre 2 e 4 salários mínimos;Pontual (evento esporádico, como consulta médica, lazer, etc.);Tarde (12h - 18h);Compras e serviços;Compras e serviços;Cachoeira Grande;Presidente Juscelino ;Ônibus;Ônibus;Entre 30 e 60 minutos;Muito raramente
2025/03/15 9:22:22 AM GMT-3;25 a 34 anos;Ensino Médio completo;Entre 1 e 2 salários mínimos;Rotineira (faço regularmente, como trabalho ou estudo);Manhã (5h - 12h);Trabalho;Trabalho;São Luís;Raposa;Carro próprio;Carro próprio;Entre 15 e 30 minutos;Todos os dias
2025/03/15 9:23:49 AM GMT-3;25 a 34 anos;Ensino Médio completo;Entre 2 e 4 salários mínimos;Rotineira (faço regularmente, como trabalho ou estudo);Manhã (5h - 12h);Trabalho;Trabalho;São Luís;Raposa;Moto própria;Moto própria;Entre 15 e 30 minutos;Todos os dias
2025/03/15 10:18:46 AM GMT-3;60 anos ou mais;Ensino Superior completo ou mais;Acima de 10 salários mínimos;Pontual (evento esporádico, como consulta médica, lazer, etc.);Manhã (5h - 12h);Solicitação de documento na prefeitura;Trabalho;São Luís;Raposa;Carro próprio;Carro próprio;Entre 30 e 60 minutos;Muito raramente
2025/03/15 10:21:58 AM GMT-3;25 a 34 anos;Ensino Médio incompleto;Prefiro não dizer;Pontual (evento esporádico, como consulta médica, lazer, etc.);Tarde (12h - 18h);Lazer;Lazer;São Luís;Raposa;Transporte alternativo - Van;Transporte Alternativo;Mais de 2 horas;Muito raramente
2025/03/15 10:54:52 AM GMT-3;35 a 44 anos;Ensino Superior completo ou mais;Entre 4 e 10 salários mínimos;Rotineira (faço regularmente, como trabalho ou estudo);Manhã (5h - 12h);Trabalho;Trabalho;São Luís;Raposa;Carro próprio;Carro próprio;Entre 1 e 2 horas;1 a 2 vezes por semana
2025/03/15 12:13:22 PM GMT-3;Menos de 18 anos;Ensino Médio incompleto;Até 1 salário mínimo;Pontual (evento esporádico, como consulta médica, lazer, etc.);Tarde (12h - 18h);Necessidades;Trabalho;São Luís;Raposa;Transporte alternativo - Van;Transporte Alternativo;Entre 1 e 2 horas;1 a 3 vezes por mês
2025/03/15 12:18:14 PM GMT-3;Menos de 18 anos;Ensino Médio incompleto;Até 1 salário mínimo;Rotineira (faço regularmente, como trabalho ou estudo);Manhã (5h - 12h);Estudo;Estudo;São Luís;Raposa;Ônibus;Ônibus;Entre 15 e 30 minutos;3 a 5 vezes por semana
2025/03/15 12:22:24 PM GMT-3;Menos de 18 anos;Ensino Médio incompleto;Prefiro não dizer;Rotineira (faço regularmente, como trabalho ou estudo);Manhã (5h - 12h);Estudo;Estudo;São Luís;Raposa;Ônibus;Ônibus;Entre 15 e 30 minutos;Todos os dias
2025/03/15 12:27:08 PM GMT-3;45 a 59 anos;Ensino Superior completo ou mais;Entre 4 e 10 salários mínimos;Rotineira (faço regularmente, como trabalho ou estudo);Tarde (12h - 18h);Trabalho;Trabalho;Bacabeira;Rosário;Carro próprio;Carro próprio;Entre 1 e 2 horas;3 a 5 vezes por semana
2025/03/15 12:28:34 PM GMT-3;Menos de 18 anos;Ensino Médio incompleto;Até 1 salário mínimo;Rotineira (faço regularmente, como trabalho ou estudo);Manhã (5h - 12h);Estudo;Estudo;Cachoeira Grande;Rosário;Ônibus;Ônibus;Entre 30 e 60 minutos;3 a 5 vezes por semana
2025/03/15 12:30:30 PM GMT-3;18 a 24 anos;Ensino Superior completo ou mais;Entre 4 e 10 salários mínimos;Rotineira (faço regularmente, como trabalho ou estudo);Manhã (5h - 12h);Trabalho;Trabalho;Cachoeira Grande;Rosário;Ônibus;Ônibus;Entre 1 e 2 horas;3 a 5 vezes por semana
2025/03/15 12:39:37 PM GMT-3;Menos de 18 anos;Ensino Médio incompleto;Entre 4 e 10 salários mínimos;Rotineira (faço regularmente, como trabalho ou estudo);Manhã (5h - 12h);Estudo;Estudo;Morros;Rosário;Ônibus;Ônibus;Entre 30 e 60 minutos;3 a 5 vezes por semana
2025/03/15 12:49:56 PM GMT-3;45 a 59 anos;Ensino Superior completo ou mais;Entre 2 e 4 salários mínimos;Rotineira (faço regularmente, como trabalho ou estudo);Manhã (5h - 12h);Trabalho;Trabalho;Paço do Lumiar;Rosário;Ônibus;Ônibus;Entre 1 e 2 horas;3 a 5 vezes por semana
2025/03/15 12:58:32 PM GMT-3;Menos de 18 anos;Ensino Médio incompleto;Entre 4 e 10 salários mínimos;Rotineira (faço regularmente, como trabalho ou estudo);Manhã (5h - 12h);Estudo;Estudo;Presidente Juscelino;Rosário;Ônibus;Ônibus;Entre 15 e 30 minutos;3 a 5 vezes por semana
2025/03/15 1:59:27 PM GMT-3;45 a 59 anos;Ensino Médio completo;Entre 2 e 4 salários mínimos;Pontual (evento esporádico, como consulta médica, lazer, etc.);Manhã (5h - 12h);Trabalho;Trabalho;Presidente Juscelino;Rosário;Transporte por aplicativo (Uber, 99);Transporte por Aplicativo;Mais de 2 horas;1 a 3 vezes por mês
2025/03/15 3:53:53 PM GMT-3;60 anos ou mais;Ensino Superior completo ou mais;Acima de 10 salários mínimos;Rotineira (faço regularmente, como trabalho ou estudo);Manhã (5h - 12h);Trabalho;Trabalho;Santa Rita;Rosário;Carro próprio;Carro próprio;Entre 30 e 60 minutos;1 a 2 vezes por semana
2025/03/15 3:55:55 PM GMT-3;45 a 59 anos;Ensino Superior incompleto;Acima de 10 salários mínimos;Pontual (evento esporádico, como consulta médica, lazer, etc.);Manhã (5h - 12h);Trabalho;Trabalho;Santa Rita;Rosário;Carro próprio;Carro próprio;Mais de 2 horas;1 a 3 vezes por mês
2025/03/15 4:01:14 PM GMT-3;Menos de 18 anos;Ensino Fundamental completo;Até 1 salário mínimo;Rotineira (faço regularmente, como trabalho ou estudo);Manhã (5h - 12h);Estudo;Estudo;São Luís;Rosário;Ônibus;Ônibus;Entre 30 e 60 minutos;Todos os dias
2025/03/15 4:06:15 PM GMT-3;35 a 44 anos;Ensino Superior completo ou mais;Entre 4 e 10 salários mínimos;Rotineira (faço regularmente, como trabalho ou estudo);Manhã (5h - 12h);Trabalho;Trabalho;São Luís;Rosário;Carro próprio;Carro próprio;Entre 30 e 60 minutos;3 a 5 vezes por semana
2025/03/15 4:20:12 PM GMT-3;35 a 44 anos;Ensino Médio incompleto;Até 1 salário mínimo;Pontual (evento esporádico, como consulta médica, lazer, etc.);Tarde (12h - 18h);Visita a amigos/familiares;Visita a amigos/familiares;São Luís;Rosário;Transporte alternativo - Van;Transporte Alternativo;Mais de 2 horas;Muito raramente
2025/03/15 4:39:00 PM GMT-3;45 a 59 anos;Ensino Superior completo ou mais;Acima de 10 salários mínimos;Rotineira (faço regularmente, como trabalho ou estudo);Manhã (5h - 12h);Trabalho;Trabalho;São Luís;Rosário;Carro próprio;Carro próprio;Entre 15 e 30 minutos;Todos os dias
2025/03/15 4:41:15 PM GMT-3;45 a 59 anos;Ensino Superior completo ou mais;Entre 2 e 4 salários mínimos;Rotineira (faço regularmente, como trabalho ou estudo);Tarde (12h - 18h);Compras e serviços;Compras e serviços;São Luís;Rosário;Carro próprio;Carro próprio;Entre 1 e 2 horas;1 a 2 vezes por semana
2025/03/15 4:59:39 PM GMT-3;60 anos ou mais;Ensino Superior incompleto;Entre 4 e 10 salários mínimos;Pontual (evento esporádico, como consulta médica, lazer, etc.);Manhã (5h - 12h);Lazer;Lazer;São Luís;Rosário;Carro próprio;Carro próprio;Mais de 2 horas;Muito raramente
2025/03/15 5:07:29 PM GMT-3;35 a 44 anos;Ensino Superior completo ou mais;Entre 4 e 10 salários mínimos;Rotineira (faço regularmente, como trabalho ou estudo);Manhã (5h - 12h);Visita a amigos/familiares;Visita a amigos/familiares;São Luís;Rosário;Carro próprio;Carro próprio;Mais de 2 horas;Muito raramente
2025/03/15 6:45:10 PM GMT-3;35 a 44 anos;Ensino Superior completo ou mais;Entre 4 e 10 salários mínimos;Rotineira (faço regularmente, como trabalho ou estudo);Manhã (5h - 12h);Trabalho;Trabalho;São Luís;Rosário;Barco/Lancha;Transporte Aquaviário;Entre 1 e 2 horas;1 a 2 vezes por semana
2025/03/15 7:06:18 PM GMT-3;35 a 44 anos;Ensino Superior incompleto;Entre 2 e 4 salários mínimos;Pontual (evento esporádico, como consulta médica, lazer, etc.);Madrugada (00h - 5h);Visita a amigos/familiares;Visita a amigos/familiares;São Luís;Rosário;Ônibus;Ônibus;Mais de 2 horas;Muito raramente
2025/03/15 8:09:42 PM GMT-3;45 a 59 anos;Ensino Médio completo;Entre 2 e 4 salários mínimos;Pontual (evento esporádico, como consulta médica, lazer, etc.);Manhã (5h - 12h);Compras e serviços;Compras e serviços;São Luís;Rosário;Carro próprio;Carro próprio;Entre 30 e 60 minutos;3 a 5 vezes por semana
2025/03/15 8:55:59 PM GMT-3;45 a 59 anos;Ensino Superior completo ou mais;Entre 4 e 10 salários mínimos;Rotineira (faço regularmente, como trabalho ou estudo);Manhã (5h - 12h);Trabalho, estudo, saúde,lazer, compras e serviços, visita a amigos e familiares ;Trabalho;São Luís;FORA DA RMGSL;Ônibus, aplicativo, transporte alternativo van;Transporte Alternativo;Entre 30 e 60 minutos;3 a 5 vezes por semana
2025/03/16 8:15:10 AM GMT-3;35 a 44 anos;Ensino Superior completo ou mais;Entre 2 e 4 salários mínimos;Pontual (evento esporádico, como consulta médica, lazer, etc.);Manhã (5h - 12h);Saúde (consultas médicas, exames);Saúde (consultas médicas, exames);São Luís;Santa Inês ;Carona com alguém;Carona com alguém;Mais de 2 horas;1 a 3 vezes por mês
2025/03/16 8:17:55 AM GMT-3;35 a 44 anos;Ensino Superior completo ou mais;Entre 4 e 10 salários mínimos;Pontual (evento esporádico, como consulta médica, lazer, etc.);Manhã (5h - 12h);Trabalho;Trabalho;São Luís;Santa Inês ;Transporte por aplicativo (Uber, 99);Transporte por Aplicativo;Entre 30 e 60 minutos;1 a 3 vezes por mês
2025/03/16 8:19:27 AM GMT-3;45 a 59 anos;Ensino Superior completo ou mais;Prefiro não dizer;Pontual (evento esporádico, como consulta médica, lazer, etc.);Tarde (12h - 18h);Visita a amigos/familiares;Visita a amigos/familiares;Cachoeira Grande;Santa Rita;Ônibus;Ônibus;Mais de 2 horas;Muito raramente
2025/03/16 8:21:21 AM GMT-3;45 a 59 anos;Ensino Superior completo ou mais;Entre 1 e 2 salários mínimos;Pontual (evento esporádico, como consulta médica, lazer, etc.);Manhã (5h - 12h);Trabalho;Trabalho;São Luís;Santa Rita;Ônibus;Ônibus;Entre 30 e 60 minutos;3 a 5 vezes por semana
2025/03/16 8:24:35 AM GMT-3;45 a 59 anos;Ensino Médio completo;Entre 4 e 10 salários mínimos;Pontual (evento esporádico, como consulta médica, lazer, etc.);Manhã (5h - 12h);Saúde (consultas médicas, exames);Saúde (consultas médicas, exames);São Luís;FORA DA RMGSL;Carro próprio;Carro próprio;Entre 30 e 60 minutos;1 a 3 vezes por mês
2025/03/16 8:29:13 AM GMT-3;45 a 59 anos;Ensino Superior completo ou mais;Entre 4 e 10 salários mínimos;Rotineira (faço regularmente, como trabalho ou estudo);Tarde (12h - 18h);Saúde (consultas médicas, exames);Saúde (consultas médicas, exames);FORA DA RMGSL;FORA DA RMGSL;Ônibus;Ônibus;Mais de 2 horas;1 a 3 vezes por mês
2025/03/16 8:46:02 AM GMT-3;35 a 44 anos;Ensino Superior completo ou mais;Acima de 10 salários mínimos;Pontual (evento esporádico, como consulta médica, lazer, etc.);Noite (18h - 00h);Lazer;Lazer;São José de Ribamar;FORA DA RMGSL;Carro próprio;Carro próprio;Entre 30 e 60 minutos;Muito raramente
2025/03/16 9:36:20 AM GMT-3;35 a 44 anos;Ensino Superior completo ou mais;Entre 4 e 10 salários mínimos;Pontual (evento esporádico, como consulta médica, lazer, etc.);Manhã (5h - 12h);Visita a amigos/familiares;Visita a amigos/familiares;Paço do Lumiar;São José de Ribamar;Carro próprio;Carro próprio;Mais de 2 horas;Muito raramente
2025/03/16 11:19:30 AM GMT-3;45 a 59 anos;Ensino Superior completo ou mais;Entre 2 e 4 salários mínimos;Pontual (evento esporádico, como consulta médica, lazer, etc.);Manhã (5h - 12h);Lazer;Lazer;Paço do Lumiar;São José de Ribamar;Carro próprio;Carro próprio;Entre 30 e 60 minutos;1 a 3 vezes por mês
2025/03/16 12:16:55 PM GMT-3;35 a 44 anos;Ensino Superior completo ou mais;Entre 4 e 10 salários mínimos;Pontual (evento esporádico, como consulta médica, lazer, etc.);Tarde (12h - 18h);Saúde (consultas médicas, exames);Saúde (consultas médicas, exames);São José de Ribamar;São José de Ribamar;Carro próprio;Carro próprio;Mais de 2 horas;Muito raramente
2025/03/16 1:00:33 PM GMT-3;60 anos ou mais;Ensino Médio completo;Entre 2 e 4 salários mínimos;Pontual (evento esporádico, como consulta médica, lazer, etc.);Manhã (5h - 12h);Visita a amigos/familiares;Visita a amigos/familiares;São José de Ribamar;São José de Ribamar;Carro próprio;Carro próprio;Mais de 2 horas;Muito raramente
2025/03/16 2:34:12 PM GMT-3;25 a 34 anos;Ensino Superior completo ou mais;Entre 4 e 10 salários mínimos;Rotineira (faço regularmente, como trabalho ou estudo);Manhã (5h - 12h);Visita a amigos/familiares;Visita a amigos/familiares;São José de Ribamar;São José de Ribamar;Carro próprio;Carro próprio;Entre 1 e 2 horas;1 a 3 vezes por mês
2025/03/16 2:40:19 PM GMT-3;18 a 24 anos;Ensino Superior incompleto;Entre 2 e 4 salários mínimos;Rotineira (faço regularmente, como trabalho ou estudo);Tarde (12h - 18h);Estudo;Estudo;São Luís;São José de Ribamar;Ônibus;Ônibus;Entre 1 e 2 horas;3 a 5 vezes por semana
2025/03/16 4:52:25 PM GMT-3;45 a 59 anos;Ensino Superior completo ou mais;Entre 1 e 2 salários mínimos;Rotineira (faço regularmente, como trabalho ou estudo);Tarde (12h - 18h);Trabalho;Trabalho;São Luís;São José de Ribamar;Carro próprio;Carro próprio;Entre 1 e 2 horas;3 a 5 vezes por semana
2025/03/16 5:34:49 PM GMT-3;35 a 44 anos;Ensino Superior completo ou mais;Entre 2 e 4 salários mínimos;Rotineira (faço regularmente, como trabalho ou estudo);Manhã (5h - 12h);Trabalho;Trabalho;São Luís;São José de Ribamar;Transporte alternativo - Van;Transporte Alternativo;Mais de 2 horas;3 a 5 vezes por semana
2025/03/16 6:07:32 PM GMT-3;35 a 44 anos;Ensino Superior completo ou mais;Entre 4 e 10 salários mínimos;Rotineira (faço regularmente, como trabalho ou estudo);Manhã (5h - 12h);Visita a amigos/familiares;Visita a amigos/familiares;São Luís;São José de Ribamar;Ônibus;Ônibus;Mais de 2 horas;1 a 3 vezes por mês
2025/03/16 9:07:35 PM GMT-3;35 a 44 anos;Ensino Superior completo ou mais;Entre 2 e 4 salários mínimos;Pontual (evento esporádico, como consulta médica, lazer, etc.);Manhã (5h - 12h);Trabalho;Trabalho;São Luís;São José de Ribamar;Ônibus;Ônibus;Entre 1 e 2 horas;3 a 5 vezes por semana
2025/03/17 7:07:55 AM GMT-3;60 anos ou mais;Ensino Superior completo ou mais;Prefiro não dizer;Rotineira (faço regularmente, como trabalho ou estudo);Manhã (5h - 12h);Trabalho;Trabalho;São Luís;São José de Ribamar;Carro próprio;Carro próprio;Entre 1 e 2 horas;3 a 5 vezes por semana
2025/03/17 7:13:26 AM GMT-3;35 a 44 anos;Ensino Superior completo ou mais;Entre 4 e 10 salários mínimos;Rotineira (faço regularmente, como trabalho ou estudo);Manhã (5h - 12h);Trabalho;Trabalho;São Luís;São José de Ribamar;Transporte alternativo - Van;Transporte Alternativo;Entre 30 e 60 minutos;3 a 5 vezes por semana
2025/03/17 8:44:20 AM GMT-3;35 a 44 anos;Ensino Superior completo ou mais;Acima de 10 salários mínimos;Rotineira (faço regularmente, como trabalho ou estudo);Manhã (5h - 12h);Trabalho;Trabalho;São Luís;São José de Ribamar;Ônibus;Ônibus;Entre 1 e 2 horas;1 a 2 vezes por semana
2025/03/17 11:05:16 AM GMT-3;18 a 24 anos;Ensino Superior completo ou mais;Prefiro não dizer;Pontual (evento esporádico, como consulta médica, lazer, etc.);Madrugada (00h - 5h);Visita a amigos/familiares;Visita a amigos/familiares;São Luís;São José de Ribamar;Ônibus;Ônibus;Mais de 2 horas;1 a 3 vezes por mês
2025/03/17 11:10:16 AM GMT-3;18 a 24 anos;Ensino Superior incompleto;Entre 2 e 4 salários mínimos;Pontual (evento esporádico, como consulta médica, lazer, etc.);Madrugada (00h - 5h);Visita a amigos/familiares;Visita a amigos/familiares;São Luís;São José de Ribamar;Carro próprio;Carro próprio;Mais de 2 horas;1 a 3 vezes por mês
2025/03/17 2:21:45 PM GMT-3;25 a 34 anos;Ensino Superior completo ou mais;Entre 4 e 10 salários mínimos;Pontual (evento esporádico, como consulta médica, lazer, etc.);Manhã (5h - 12h);Visita a amigos/familiares;Visita a amigos/familiares;São Luís;São José de Ribamar;Carro próprio;Carro próprio;Mais de 2 horas;Muito raramente
2025/03/17 3:39:47 PM GMT-3;35 a 44 anos;Ensino Superior completo ou mais;Entre 4 e 10 salários mínimos;Rotineira (faço regularmente, como trabalho ou estudo);Tarde (12h - 18h);Trabalho;Trabalho;São Luís;São José de Ribamar;Carro próprio;Carro próprio;Entre 1 e 2 horas;3 a 5 vezes por semana
2025/03/17 5:53:00 PM GMT-3;35 a 44 anos;Ensino Superior completo ou mais;Acima de 10 salários mínimos;Rotineira (faço regularmente, como trabalho ou estudo);Manhã (5h - 12h);Trabalho;Trabalho;São Luís;São José de Ribamar;Carro próprio;Carro próprio;Entre 1 e 2 horas;3 a 5 vezes por semana
2025/03/17 8:29:10 PM GMT-3;45 a 59 anos;Ensino Superior completo ou mais;Acima de 10 salários mínimos;Pontual (evento esporádico, como consulta médica, lazer, etc.);Manhã (5h - 12h);Lazer;Lazer;São Luís;São José de Ribamar;Carro próprio;Carro próprio;Entre 1 e 2 horas;1 a 3 vezes por mês
2025/03/17 8:54:38 PM GMT-3;35 a 44 anos;Ensino Superior completo ou mais;Entre 2 e 4 salários mínimos;Pontual (evento esporádico, como consulta médica, lazer, etc.);Manhã (5h - 12h);Visita a amigos/familiares;Visita a amigos/familiares;São Luís;São José de Ribamar;Carro próprio;Carro próprio;Mais de 2 horas;1 a 3 vezes por mês
2025/03/17 9:56:18 PM GMT-3;35 a 44 anos;Ensino Superior incompleto;Entre 2 e 4 salários mínimos;Pontual (evento esporádico, como consulta médica, lazer, etc.);Manhã (5h - 12h);Saúde (consultas médicas, exames);Saúde (consultas médicas, exames);São Luís;São José de Ribamar;Carona com alguém;Carona com alguém;Mais de 2 horas;Muito raramente
2025/03/18 9:31:59 AM GMT-3;25 a 34 anos;Ensino Superior completo ou mais;Entre 1 e 2 salários mínimos;Rotineira (faço regularmente, como trabalho ou estudo);Manhã (5h - 12h);Trabalho;Trabalho;São Luís;São José de Ribamar;Ônibus;Ônibus;Entre 1 e 2 horas;Todos os dias
2025/03/18 12:41:14 PM GMT-3;25 a 34 anos;Ensino Superior completo ou mais;Entre 2 e 4 salários mínimos;Rotineira (faço regularmente, como trabalho ou estudo);Manhã (5h - 12h);Trabalho;Trabalho;São Luís;São José de Ribamar;Ônibus;Ônibus;Entre 30 e 60 minutos;3 a 5 vezes por semana
2025/03/18 1:46:47 PM GMT-3;25 a 34 anos;Ensino Superior completo ou mais;Prefiro não dizer;Pontual (evento esporádico, como consulta médica, lazer, etc.);Manhã (5h - 12h);Lazer;Lazer;São Luís;São José de Ribamar;Carona com alguém;Carona com alguém;Entre 1 e 2 horas;Muito raramente
2025/03/18 4:38:00 PM GMT-3;45 a 59 anos;Ensino Superior completo ou mais;Acima de 10 salários mínimos;Pontual (evento esporádico, como consulta médica, lazer, etc.);Manhã (5h - 12h);Trabalho;Trabalho;São Luís;São José de Ribamar;Carro próprio;Carro próprio;Entre 30 e 60 minutos;Muito raramente
2025/03/19 12:08:57 PM GMT-3;18 a 24 anos;Ensino Superior completo ou mais;Entre 4 e 10 salários mínimos;Pontual (evento esporádico, como consulta médica, lazer, etc.);Manhã (5h - 12h);Lazer;Lazer;São Luís;São José de Ribamar;Carona com alguém;Carona com alguém;Mais de 2 horas;Muito raramente
2025/03/20 11:00:28 AM GMT-3;35 a 44 anos;Ensino Superior completo ou mais;Entre 1 e 2 salários mínimos;Rotineira (faço regularmente, como trabalho ou estudo);Manhã (5h - 12h);Trabalho;Trabalho;São Luís;São José de Ribamar;Carro próprio;Carro próprio;Entre 30 e 60 minutos;3 a 5 vezes por semana
2025/03/20 11:40:02 AM GMT-3;45 a 59 anos;Ensino Superior completo ou mais;Entre 4 e 10 salários mínimos;Pontual (evento esporádico, como consulta médica, lazer, etc.);Manhã (5h - 12h);Trabalho;Trabalho;São Luís;São José de Ribamar;Carona com alguém;Carona com alguém;Mais de 2 horas;Muito raramente
2025/03/21 5:24:56 AM GMT-3;45 a 59 anos;Ensino Superior completo ou mais;Entre 4 e 10 salários mínimos;Rotineira (faço regularmente, como trabalho ou estudo);Tarde (12h - 18h);Trabalho;Trabalho;São Luís;São José de Ribamar;Ferry boat ;Transporte Aquaviário;Mais de 2 horas;1 a 2 vezes por semana
2025/03/21 4:37:19 PM GMT-3;35 a 44 anos;Ensino Superior completo ou mais;Entre 4 e 10 salários mínimos;Pontual (evento esporádico, como consulta médica, lazer, etc.);Noite (18h - 00h);Visita a amigos/familiares;Visita a amigos/familiares;São Luís;São José de Ribamar;Ônibus;Ônibus;Mais de 2 horas;Muito raramente
2025/03/22 6:56:50 PM GMT-3;35 a 44 anos;Ensino Superior completo ou mais;Acima de 10 salários mínimos;Rotineira (faço regularmente, como trabalho ou estudo);Manhã (5h - 12h);Trabalho;Trabalho;São Luís;São José de Ribamar;Carro próprio;Carro próprio;Mais de 2 horas;1 a 2 vezes por semana
2025/03/22 7:03:58 PM GMT-3;25 a 34 anos;Ensino Superior completo ou mais;Entre 1 e 2 salários mínimos;Rotineira (faço regularmente, como trabalho ou estudo);Manhã (5h - 12h);Lazer;Lazer;Alcântara;São Luís;Carro próprio;Carro próprio;Entre 1 e 2 horas;Muito raramente
2025/03/22 7:05:49 PM GMT-3;25 a 34 anos;Ensino Superior completo ou mais;Entre 4 e 10 salários mínimos;Rotineira (faço regularmente, como trabalho ou estudo);Madrugada (00h - 5h);Trabalho;Trabalho;FORA DA RMGSL;São Luís;Transporte alternativo - Van;Transporte Alternativo;Mais de 2 horas;Muito raramente
2025/03/22 7:06:24 PM GMT-3;35 a 44 anos;Ensino Superior completo ou mais;Entre 2 e 4 salários mínimos;Pontual (evento esporádico, como consulta médica, lazer, etc.);Manhã (5h - 12h);Lazer;Lazer;Cachoeira Grande;São Luís;Carro próprio;Carro próprio;Entre 1 e 2 horas;Muito raramente
2025/03/22 7:08:51 PM GMT-3;25 a 34 anos;Ensino Superior completo ou mais;Entre 2 e 4 salários mínimos;Rotineira (faço regularmente, como trabalho ou estudo);Manhã (5h - 12h);Trabalho;Trabalho;Cachoeira Grande;São Luís;Viatura;Viatura;Mais de 2 horas;Muito raramente
2025/03/22 7:14:30 PM GMT-3;45 a 59 anos;Ensino Superior completo ou mais;Entre 4 e 10 salários mínimos;Pontual (evento esporádico, como consulta médica, lazer, etc.);Manhã (5h - 12h);Lazer;Lazer;Cachoeira Grande;São Luís;Carro próprio;Carro próprio;Mais de 2 horas;Muito raramente
2025/03/22 7:16:20 PM GMT-3;35 a 44 anos;Ensino Superior completo ou mais;Entre 2 e 4 salários mínimos;Pontual (evento esporádico, como consulta médica, lazer, etc.);Noite (18h - 00h);Visita a amigos/familiares;Visita a amigos/familiares;Cachoeira Grande;São Luís;Ônibus;Ônibus;Mais de 2 horas;Muito raramente
2025/03/22 7:22:20 PM GMT-3;45 a 59 anos;Ensino Superior completo ou mais;Entre 2 e 4 salários mínimos;Pontual (evento esporádico, como consulta médica, lazer, etc.);Noite (18h - 00h);Visita a amigos/familiares;Visita a amigos/familiares;Cachoeira Grande;São Luís;Carro próprio;Carro próprio;Entre 15 e 30 minutos;Muito raramente
2025/03/22 7:30:37 PM GMT-3;25 a 34 anos;Ensino Superior completo ou mais;Entre 4 e 10 salários mínimos;Rotineira (faço regularmente, como trabalho ou estudo);Manhã (5h - 12h);Trabalho;Trabalho;Cachoeira Grande;São Luís;Carro próprio;Carro próprio;Entre 30 e 60 minutos;3 a 5 vezes por semana
2025/03/22 7:46:05 PM GMT-3;25 a 34 anos;Ensino Superior completo ou mais;Entre 4 e 10 salários mínimos;Pontual (evento esporádico, como consulta médica, lazer, etc.);Manhã (5h - 12h);Lazer;Lazer;FORA DA RMGSL;São Luís;Carro próprio;Carro próprio;Mais de 2 horas;Muito raramente
2025/03/22 8:00:52 PM GMT-3;18 a 24 anos;Ensino Superior incompleto;Até 1 salário mínimo;Rotineira (faço regularmente, como trabalho ou estudo);Manhã (5h - 12h);Estudo;Estudo;Icatu;São Luís;Ônibus;Ônibus;Entre 1 e 2 horas;Todos os dias
2025/03/22 8:14:05 PM GMT-3;35 a 44 anos;Ensino Superior completo ou mais;Entre 4 e 10 salários mínimos;Pontual (evento esporádico, como consulta médica, lazer, etc.);Manhã (5h - 12h);Lazer;Lazer;Icatu;São Luís;Carro próprio;Carro próprio;Entre 15 e 30 minutos;Muito raramente
2025/03/22 8:26:23 PM GMT-3;25 a 34 anos;Ensino Superior completo ou mais;Entre 4 e 10 salários mínimos;Pontual (evento esporádico, como consulta médica, lazer, etc.);Noite (18h - 00h);Visita a amigos/familiares;Visita a amigos/familiares;FORA DA RMGSL;São Luís;Carro próprio;Carro próprio;Mais de 2 horas;Muito raramente
2025/03/22 8:33:36 PM GMT-3;45 a 59 anos;Ensino Superior completo ou mais;Prefiro não dizer;Pontual (evento esporádico, como consulta médica, lazer, etc.);Manhã (5h - 12h);Lazer;Lazer;Morros;São Luís;Carro próprio;Carro próprio;Entre 15 e 30 minutos;Todos os dias
2025/03/22 8:38:46 PM GMT-3;35 a 44 anos;Ensino Superior completo ou mais;Acima de 10 salários mínimos;Pontual (evento esporádico, como consulta médica, lazer, etc.);Manhã (5h - 12h);Lazer;Lazer;Paço do Lumiar;São Luís;Carro próprio;Carro próprio;Entre 30 e 60 minutos;Muito raramente
2025/03/22 9:26:37 PM GMT-3;25 a 34 anos;Ensino Superior completo ou mais;Entre 2 e 4 salários mínimos;Pontual (evento esporádico, como consulta médica, lazer, etc.);Noite (18h - 00h);Visita a amigos/familiares;Visita a amigos/familiares;Paço do Lumiar;São Luís;Ônibus;Ônibus;Mais de 2 horas;1 a 3 vezes por mês
2025/03/22 9:50:39 PM GMT-3;35 a 44 anos;Ensino Superior completo ou mais;Prefiro não dizer;Rotineira (faço regularmente, como trabalho ou estudo);Manhã (5h - 12h);Trabalho;Trabalho;Paço do Lumiar;São Luís;Carro próprio;Carro próprio;Entre 30 e 60 minutos;3 a 5 vezes por semana
2025/03/24 9:22:24 AM GMT-3;25 a 34 anos;Ensino Superior completo ou mais;Entre 2 e 4 salários mínimos;Pontual (evento esporádico, como consulta médica, lazer, etc.);Madrugada (00h - 5h);Lazer;Lazer;Paço do Lumiar;São Luís;Transporte por aplicativo (Uber, 99);Transporte por Aplicativo;Mais de 2 horas;Muito raramente
2025/03/26 7:20:28 PM GMT-3;35 a 44 anos;Ensino Superior completo ou mais;Entre 2 e 4 salários mínimos;Pontual (evento esporádico, como consulta médica, lazer, etc.);Manhã (5h - 12h);Lazer;Lazer;Paço do Lumiar;São Luís;Carro próprio;Carro próprio;Entre 30 e 60 minutos;Muito raramente
2025/03/26 7:23:38 PM GMT-3;25 a 34 anos;Ensino Superior completo ou mais;Entre 2 e 4 salários mínimos;Rotineira (faço regularmente, como trabalho ou estudo);Manhã (5h - 12h);Trabalho;Trabalho;Paço do Lumiar;São Luís;Carro próprio;Carro próprio;Entre 30 e 60 minutos;Todos os dias
2025/03/26 7:28:06 PM GMT-3;25 a 34 anos;Ensino Superior completo ou mais;Entre 4 e 10 salários mínimos;Pontual (evento esporádico, como consulta médica, lazer, etc.);Manhã (5h - 12h);Saúde (consultas médicas, exames);Saúde (consultas médicas, exames);Paço do Lumiar;São Luís;Carro próprio;Carro próprio;Entre 30 e 60 minutos;3 a 5 vezes por semana
2025/03/26 7:35:44 PM GMT-3;25 a 34 anos;Ensino Superior completo ou mais;Entre 2 e 4 salários mínimos;Rotineira (faço regularmente, como trabalho ou estudo);Manhã (5h - 12h);Trabalho;Trabalho;Paço do Lumiar;São Luís;Carro próprio;Carro próprio;Menos de 15 minutos;Todos os dias
2025/03/26 7:52:15 PM GMT-3;25 a 34 anos;Ensino Superior completo ou mais;Entre 2 e 4 salários mínimos;Pontual (evento esporádico, como consulta médica, lazer, etc.);Manhã (5h - 12h);Lazer;Lazer;Paço do Lumiar;São Luís;Uber;Transporte por Aplicativo;Entre 15 e 30 minutos;Muito raramente
2025/03/26 8:13:47 PM GMT-3;60 anos ou mais;Ensino Médio completo;Prefiro não dizer;Rotineira (faço regularmente, como trabalho ou estudo);Manhã (5h - 12h);Trabalho;Trabalho;Paço do Lumiar;São Luís;Ônibus;Ônibus;Entre 1 e 2 horas;1 a 3 vezes por mês
2025/03/26 8:31:15 PM GMT-3;35 a 44 anos;Ensino Superior completo ou mais;Entre 2 e 4 salários mínimos;Rotineira (faço regularmente, como trabalho ou estudo);Manhã (5h - 12h);Trabalho;Trabalho;Paço do Lumiar;São Luís;Ônibus;Ônibus;Entre 1 e 2 horas;1 a 2 vezes por semana
2025/03/26 8:37:16 PM GMT-3;35 a 44 anos;Ensino Superior completo ou mais;Acima de 10 salários mínimos;Pontual (evento esporádico, como consulta médica, lazer, etc.);Noite (18h - 00h);Trabalho;Trabalho;Paço do Lumiar;São Luís;Carro próprio;Carro próprio;Entre 30 e 60 minutos;Todos os dias
2025/03/26 8:47:27 PM GMT-3;18 a 24 anos;Ensino Superior incompleto;Entre 4 e 10 salários mínimos;Pontual (evento esporádico, como consulta médica, lazer, etc.);Madrugada (00h - 5h);Visita a amigos/familiares;Visita a amigos/familiares;Paço do Lumiar;São Luís;Ônibus;Ônibus;Mais de 2 horas;1 a 3 vezes por mês
2025/03/27 7:07:03 AM GMT-3;45 a 59 anos;Ensino Médio completo;Entre 1 e 2 salários mínimos;Pontual (evento esporádico, como consulta médica, lazer, etc.);Madrugada (00h - 5h);Evento;Visita a amigos/familiares;Presidente Juscelino;São Luís;Carro próprio;Carro próprio;Mais de 2 horas;Muito raramente
2025/03/27 8:34:28 AM GMT-3;25 a 34 anos;Ensino Superior incompleto;Entre 2 e 4 salários mínimos;Pontual (evento esporádico, como consulta médica, lazer, etc.);Manhã (5h - 12h);Lazer;Lazer;Raposa;São Luís;Transporte alternativo - Van;Transporte Alternativo;Entre 1 e 2 horas;Muito raramente
2025/03/27 8:40:03 AM GMT-3;25 a 34 anos;Ensino Superior completo ou mais;Entre 4 e 10 salários mínimos;Pontual (evento esporádico, como consulta médica, lazer, etc.);Manhã (5h - 12h);Trabalho;Trabalho;Raposa;São Luís;Carona com alguém;Carona com alguém;Entre 1 e 2 horas;Muito raramente
2025/03/27 8:45:12 AM GMT-3;35 a 44 anos;Ensino Superior completo ou mais;Entre 4 e 10 salários mínimos;Pontual (evento esporádico, como consulta médica, lazer, etc.);Manhã (5h - 12h);Estudo;Estudo;Raposa;São Luís;Carro próprio;Carro próprio;Entre 1 e 2 horas;Muito raramente
2025/03/27 12:47:15 PM GMT-3;35 a 44 anos;Ensino Médio completo;Entre 1 e 2 salários mínimos;Pontual (evento esporádico, como consulta médica, lazer, etc.);Manhã (5h - 12h);Compras e serviços;Compras e serviços;Rosário;São Luís;Transporte alternativo - Van;Transporte Alternativo;Mais de 2 horas;1 a 3 vezes por mês
2025/03/27 10:05:18 PM GMT-3;18 a 24 anos;Ensino Superior incompleto;Entre 1 e 2 salários mínimos;Pontual (evento esporádico, como consulta médica, lazer, etc.);Madrugada (00h - 5h);Lazer;Lazer;Rosário;São Luís;Carro próprio;Carro próprio;Entre 30 e 60 minutos;Muito raramente
2025/03/27 11:24:21 PM GMT-3;25 a 34 anos;Ensino Superior completo ou mais;Acima de 10 salários mínimos;Rotineira (faço regularmente, como trabalho ou estudo);Manhã (5h - 12h);Trabalho;Trabalho;São José de Ribamar;São Luís;Carro próprio;Carro próprio;Entre 30 e 60 minutos;Todos os dias
2025/03/28 10:43:20 AM GMT-3;25 a 34 anos;Ensino Superior completo ou mais;Entre 2 e 4 salários mínimos;Rotineira (faço regularmente, como trabalho ou estudo);Manhã (5h - 12h);Trabalho;Trabalho;São José de Ribamar;São Luís;Carro próprio;Carro próprio;Entre 30 e 60 minutos;Todos os dias
2025/03/28 10:44:46 AM GMT-3;45 a 59 anos;Ensino Superior incompleto;Entre 4 e 10 salários mínimos;Pontual (evento esporádico, como consulta médica, lazer, etc.);Manhã (5h - 12h);Lazer;Lazer;São José de Ribamar;São Luís;Carro próprio;Carro próprio;Mais de 2 horas;Muito raramente
2025/03/28 11:03:34 AM GMT-3;25 a 34 anos;Ensino Superior completo ou mais;Entre 1 e 2 salários mínimos;Pontual (evento esporádico, como consulta médica, lazer, etc.);Manhã (5h - 12h);Lazer;Lazer;São José de Ribamar;São Luís;Carro próprio;Carro próprio;Mais de 2 horas;Muito raramente
2025/03/28 11:11:08 AM GMT-3;25 a 34 anos;Ensino Superior completo ou mais;Entre 1 e 2 salários mínimos;Rotineira (faço regularmente, como trabalho ou estudo);Manhã (5h - 12h);Trabalho;Trabalho;São José de Ribamar;São Luís;Moto própria;Moto própria;Entre 30 e 60 minutos;3 a 5 vezes por semana
2025/03/28 11:44:48 AM GMT-3;18 a 24 anos;Ensino Superior incompleto;Entre 1 e 2 salários mínimos;Pontual (evento esporádico, como consulta médica, lazer, etc.);Tarde (12h - 18h);Visita a amigos/familiares;Visita a amigos/familiares;São José de Ribamar;São Luís;Trem;Trem;Mais de 2 horas;Muito raramente
2025/03/28 2:38:45 PM GMT-3;45 a 59 anos;Ensino Superior completo ou mais;Acima de 10 salários mínimos;Rotineira (faço regularmente, como trabalho ou estudo);Tarde (12h - 18h);Trabalho;Trabalho;São José de Ribamar;São Luís;Barco / lancha;Transporte Aquaviário;Entre 1 e 2 horas;1 a 2 vezes por semana
2025/03/28 5:01:18 PM GMT-3;25 a 34 anos;Ensino Superior completo ou mais;Acima de 10 salários mínimos;Rotineira (faço regularmente, como trabalho ou estudo);Manhã (5h - 12h);Trabalho;Trabalho;São José de Ribamar;São Luís;Carro próprio;Carro próprio;Entre 30 e 60 minutos;3 a 5 vezes por semana
2025/03/31 8:56:36 AM GMT-3;25 a 34 anos;Ensino Superior completo ou mais;Entre 4 e 10 salários mínimos;Rotineira (faço regularmente, como trabalho ou estudo);Manhã (5h - 12h);Trabalho;Trabalho;São José de Ribamar;São Luís;Ônibus;Ônibus;Entre 1 e 2 horas;Todos os dias
2025/03/31 7:54:23 PM GMT-3;18 a 24 anos;Ensino Superior incompleto;Entre 2 e 4 salários mínimos;Rotineira (faço regularmente, como trabalho ou estudo);Manhã (5h - 12h);Trabalho;Trabalho;São José de Ribamar;São Luís;Ônibus;Ônibus;Entre 30 e 60 minutos;Todos os dias
2025/04/01 8:39:05 AM GMT-3;18 a 24 anos;Ensino Médio completo;Entre 1 e 2 salários mínimos;Pontual (evento esporádico, como consulta médica, lazer, etc.);Madrugada (00h - 5h);Visita a amigos/familiares;Visita a amigos/familiares;São José de Ribamar;São Luís;Transporte alternativo - Van;Transporte Alternativo;Mais de 2 horas;Muito raramente
2025/04/01 11:24:35 AM GMT-3;45 a 59 anos;Ensino Médio completo;Entre 4 e 10 salários mínimos;;Manhã (5h - 12h);Trabalho;Trabalho;São José de Ribamar;São Luís;Carro próprio;Carro próprio;Entre 1 e 2 horas;1 a 3 vezes por mês
2025/04/01 1:13:25 PM GMT-3;25 a 34 anos;Ensino Superior incompleto;Entre 1 e 2 salários mínimos;Rotineira (faço regularmente, como trabalho ou estudo);Tarde (12h - 18h);Trabalho;Trabalho;São José de Ribamar;São Luís;Ônibus;Ônibus;Entre 1 e 2 horas;1 a 2 vezes por semana
2025/04/01 4:42:56 PM GMT-3;25 a 34 anos;Ensino Superior completo ou mais;Entre 2 e 4 salários mínimos;Rotineira (faço regularmente, como trabalho ou estudo);Manhã (5h - 12h);Visita a amigos/familiares;Visita a amigos/familiares;São José de Ribamar;São Luís;Carro próprio;Carro próprio;Entre 1 e 2 horas;1 a 3 vezes por mês
2025/04/03 4:15:29 PM GMT-3;35 a 44 anos;Ensino Superior completo ou mais;Entre 4 e 10 salários mínimos;Rotineira (faço regularmente, como trabalho ou estudo);Tarde (12h - 18h);Trabalho;Trabalho;São José de Ribamar;São Luís;Carro próprio;Carro próprio;Entre 30 e 60 minutos;3 a 5 vezes por semana
2025/04/03 8:20:52 PM GMT-3;25 a 34 anos;Ensino Superior incompleto;Entre 2 e 4 salários mínimos;Rotineira (faço regularmente, como trabalho ou estudo);Manhã (5h - 12h);Trabalho;Trabalho;São José de Ribamar;São Luís;Ônibus;Ônibus;Entre 30 e 60 minutos;3 a 5 vezes por semana
2025/04/03 8:25:24 PM GMT-3;25 a 34 anos;Ensino Superior completo ou mais;Entre 2 e 4 salários mínimos;Pontual (evento esporádico, como consulta médica, lazer, etc.);Tarde (12h - 18h);Trabalho;Trabalho;São José de Ribamar;São Luís;Ônibus;Ônibus;Mais de 2 horas;Muito raramente
2025/04/03 10:23:45 PM GMT-3;18 a 24 anos;Ensino Superior completo ou mais;Até 1 salário mínimo;Rotineira (faço regularmente, como trabalho ou estudo);Tarde (12h - 18h);Trabalho;Trabalho;São José de Ribamar;São Luís;Ônibus;Ônibus;Entre 1 e 2 horas;Todos os dias
2025/04/04 11:42:41 AM GMT-3;18 a 24 anos;Ensino Superior incompleto;Até 1 salário mínimo;Rotineira (faço regularmente, como trabalho ou estudo);Manhã (5h - 12h);Trabalho;Trabalho;São José de Ribamar;São Luís;Ônibus;Ônibus;Entre 1 e 2 horas;3 a 5 vezes por semana
2025/04/04 9:31:20 PM GMT-3;25 a 34 anos;Ensino Superior completo ou mais;Prefiro não dizer;Rotineira (faço regularmente, como trabalho ou estudo);Noite (18h - 00h);Estudo;Estudo;São José de Ribamar;São Luís;Ônibus;Ônibus;Mais de 2 horas;Todos os dias
2025/04/05 2:17:06 PM GMT-3;25 a 34 anos;Ensino Superior completo ou mais;Entre 2 e 4 salários mínimos;Pontual (evento esporádico, como consulta médica, lazer, etc.);Noite (18h - 00h);Trabalho;Trabalho;São José de Ribamar;São Luís;Ônibus;Ônibus;Entre 15 e 30 minutos;Muito raramente
2025/04/05 3:28:07 PM GMT-3;25 a 34 anos;Ensino Superior incompleto;Até 1 salário mínimo;Rotineira (faço regularmente, como trabalho ou estudo);Manhã (5h - 12h);Estudo;Estudo;São José de Ribamar;São Luís;Ônibus;Ônibus;Mais de 2 horas;Todos os dias
2025/04/05 3:37:10 PM GMT-3;18 a 24 anos;Ensino Superior incompleto;Entre 4 e 10 salários mínimos;Rotineira (faço regularmente, como trabalho ou estudo);Manhã (5h - 12h);Estudo;Estudo;São José de Ribamar;São Luís;Transporte por aplicativo (Uber, 99);Transporte por Aplicativo;Entre 15 e 30 minutos;Muito raramente
2025/04/05 7:13:16 PM GMT-3;18 a 24 anos;Ensino Médio completo;Prefiro não dizer;Pontual (evento esporádico, como consulta médica, lazer, etc.);Manhã (5h - 12h);Lazer;Lazer;São José de Ribamar;São Luís;Carro próprio;Carro próprio;Entre 30 e 60 minutos;Muito raramente
2025/04/05 7:57:45 PM GMT-3;18 a 24 anos;Ensino Superior incompleto;Prefiro não dizer;Rotineira (faço regularmente, como trabalho ou estudo);Manhã (5h - 12h);Estudo;Estudo;São José de Ribamar;São Luís;Ônibus;Ônibus;Entre 1 e 2 horas;3 a 5 vezes por semana
2025/04/05 9:00:29 PM GMT-3;18 a 24 anos;Ensino Superior incompleto;Entre 4 e 10 salários mínimos;Pontual (evento esporádico, como consulta médica, lazer, etc.);Madrugada (00h - 5h);Lazer;Lazer;São José de Ribamar;São Luís;Carro próprio;Carro próprio;Entre 1 e 2 horas;Muito raramente
2025/04/05 10:17:53 PM GMT-3;18 a 24 anos;Ensino Superior incompleto;Até 1 salário mínimo;Pontual (evento esporádico, como consulta médica, lazer, etc.);Tarde (12h - 18h);Visita a amigos/familiares;Visita a amigos/familiares;São José de Ribamar;São Luís;Carona com alguém;Carona com alguém;Mais de 2 horas;Muito raramente
2025/04/07 9:45:22 AM GMT-3;35 a 44 anos;Ensino Superior completo ou mais;Entre 4 e 10 salários mínimos;Pontual (evento esporádico, como consulta médica, lazer, etc.);Manhã (5h - 12h);Visita a amigos/familiares;Visita a amigos/familiares;São José de Ribamar;São Luís;Ônibus;Ônibus;Entre 30 e 60 minutos;Muito raramente
2025/04/07 9:45:34 AM GMT-3;25 a 34 anos;Ensino Superior completo ou mais;Entre 1 e 2 salários mínimos;Rotineira (faço regularmente, como trabalho ou estudo);Manhã (5h - 12h);Trabalho;Trabalho;São José de Ribamar;São Luís;Carro próprio;Carro próprio;Entre 1 e 2 horas;Muito raramente
2025/04/07 10:14:59 AM GMT-3;25 a 34 anos;Ensino Superior incompleto;Entre 1 e 2 salários mínimos;Rotineira (faço regularmente, como trabalho ou estudo);Manhã (5h - 12h);Visita a amigos/familiares;Visita a amigos/familiares;São José de Ribamar;São Luís;Carro próprio;Carro próprio;Mais de 2 horas;Muito raramente
2025/04/09 2:48:32 PM GMT-3;25 a 34 anos;Ensino Superior incompleto;Entre 1 e 2 salários mínimos;Rotineira (faço regularmente, como trabalho ou estudo);Manhã (5h - 12h);Estudo;Estudo;São José de Ribamar;São Luís;Ônibus;Ônibus;Entre 1 e 2 horas;3 a 5 vezes por semana
2025/04/14 7:15:51 PM GMT-3;18 a 24 anos;Ensino Médio completo;Até 1 salário mínimo;Pontual (evento esporádico, como consulta médica, lazer, etc.);Tarde (12h - 18h);Compras e serviços;Compras e serviços;São José de Ribamar;São Luís;Ônibus;Ônibus;Entre 1 e 2 horas;1 a 2 vezes por semana
2025/04/14 9:04:05 PM GMT-3;25 a 34 anos;Ensino Médio completo;Prefiro não dizer;Pontual (evento esporádico, como consulta médica, lazer, etc.);Manhã (5h - 12h);Visita a amigos/familiares;Visita a amigos/familiares;São Luís;São Luís;Ônibus;Ônibus;Entre 30 e 60 minutos;Muito raramente
2025/04/15 10:21:32 AM GMT-3;25 a 34 anos;Ensino Superior incompleto;Entre 1 e 2 salários mínimos;Pontual (evento esporádico, como consulta médica, lazer, etc.);Tarde (12h - 18h);Compras e serviços;Compras e serviços;São Luís;São Luís;Transporte alternativo - Van;Transporte Alternativo;Entre 1 e 2 horas;1 a 2 vezes por semana
2025/04/24 6:16:31 PM GMT-3;18 a 24 anos;Ensino Médio completo;Prefiro não dizer;Rotineira (faço regularmente, como trabalho ou estudo);Tarde (12h - 18h);Lazer;Lazer;São Luís;São Luís;Carona com alguém;Carona com alguém;Entre 1 e 2 horas;Muito raramente
2025/04/24 6:28:01 PM GMT-3;45 a 59 anos;Ensino Médio completo;Até 1 salário mínimo;Pontual (evento esporádico, como consulta médica, lazer, etc.);Manhã (5h - 12h);Saúde (consultas médicas, exames);Saúde (consultas médicas, exames);São Luís;São Luís;Transporte alternativo - Van;Transporte Alternativo;Entre 30 e 60 minutos;Muito raramente
2025/04/25 10:12:44 AM GMT-3;45 a 59 anos;Ensino Superior completo ou mais;Entre 4 e 10 salários mínimos;Rotineira (faço regularmente, como trabalho ou estudo);Manhã (5h - 12h);Trabalho;Trabalho;São Luís;São Luís;Carro próprio;Carro próprio;Entre 1 e 2 horas;Muito raramente
2025/04/25 7:58:09 PM GMT-3;35 a 44 anos;Ensino Médio completo;Até 1 salário mínimo;Rotineira (faço regularmente, como trabalho ou estudo);Tarde (12h - 18h);Trabalho;Trabalho;São Luís;São Luís;Moto própria;Moto própria;Menos de 15 minutos;1 a 3 vezes por mês
2025/04/25 8:02:37 PM GMT-3;18 a 24 anos;Ensino Médio completo;Até 1 salário mínimo;Rotineira (faço regularmente, como trabalho ou estudo);Tarde (12h - 18h);Trabalho;Trabalho;São Luís;São Luís;Carro próprio;Carro próprio;Entre 1 e 2 horas;3 a 5 vezes por semana
2025/04/25 10:41:29 PM GMT-3;35 a 44 anos;Ensino Médio completo;Até 1 salário mínimo;Rotineira (faço regularmente, como trabalho ou estudo);Manhã (5h - 12h);Compras e serviços;Compras e serviços;São Luís;São Luís;Transporte alternativo - Van;Transporte Alternativo;Mais de 2 horas;Muito raramente
2025/04/25 10:48:07 PM GMT-3;Menos de 18 anos;Ensino Fundamental completo;Prefiro não dizer;Pontual (evento esporádico, como consulta médica, lazer, etc.);Tarde (12h - 18h);Lazer;Lazer;São Luís;São Luís;Ônibus;Ônibus;Entre 1 e 2 horas;Muito raramente
2025/04/26 2:25:41 PM GMT-3;Menos de 18 anos;Ensino Médio incompleto;Entre 1 e 2 salários mínimos;Pontual (evento esporádico, como consulta médica, lazer, etc.);Manhã (5h - 12h);Visita a amigos/familiares;Visita a amigos/familiares;São Luís;São Luís;Carona com alguém;Carona com alguém;Mais de 2 horas;Muito raramente
2025/04/26 2:30:18 PM GMT-3;45 a 59 anos;Ensino Fundamental incompleto;Entre 1 e 2 salários mínimos;Rotineira (faço regularmente, como trabalho ou estudo);Manhã (5h - 12h);Trabalho;Trabalho;São Luís;São Luís;Moto própria;Moto própria;Mais de 2 horas;Todos os dias
2025/04/26 2:37:20 PM GMT-3;35 a 44 anos;Ensino Médio incompleto;Entre 1 e 2 salários mínimos;Pontual (evento esporádico, como consulta médica, lazer, etc.);Madrugada (00h - 5h);Trabalho;Trabalho;FORA DA RMGSL;São Luís;Transporte alternativo - Carro;Transporte Alternativo;Entre 1 e 2 horas;1 a 3 vezes por mês
2025/04/29 3:11:49 PM GMT-3;Menos de 18 anos;Ensino Médio incompleto;Até 1 salário mínimo;Rotineira (faço regularmente, como trabalho ou estudo);Tarde (12h - 18h);Estudo;Estudo;FORA DA RMGSL;São Luís;Carona com alguém;Carona com alguém;Menos de 15 minutos;Todos os dias
2025/04/30 12:48:52 PM GMT-3;35 a 44 anos;Ensino Fundamental incompleto;Entre 1 e 2 salários mínimos;Rotineira (faço regularmente, como trabalho ou estudo);Madrugada (00h - 5h);Trabalho;Trabalho;FORA DA RMGSL;São Luís;Carona com alguém;Carona com alguém;Entre 1 e 2 horas;Muito raramente
2025/05/01 1:16:00 PM GMT-3;35 a 44 anos;Ensino Fundamental incompleto;Entre 1 e 2 salários mínimos;Pontual (evento esporádico, como consulta médica, lazer, etc.);Tarde (12h - 18h);Lazer;Lazer;São Luís;FORA DA RMGSL;Carona com alguém;Carona com alguém;Entre 1 e 2 horas;Muito raramente
2025/05/01 1:45:54 PM GMT-3;25 a 34 anos;Ensino Médio completo;Entre 1 e 2 salários mínimos;Rotineira (faço regularmente, como trabalho ou estudo);Manhã (5h - 12h);Trabalho;Trabalho;Cachoeira Grande;FORA DA RMGSL;Transporte alternativo - Van;Transporte Alternativo;Entre 1 e 2 horas;1 a 3 vezes por mês
2025/05/05 12:38:43 PM GMT-3;35 a 44 anos;Ensino Médio completo;Prefiro não dizer;Pontual (evento esporádico, como consulta médica, lazer, etc.);Manhã (5h - 12h);Visita a amigos/familiares;Visita a amigos/familiares;São Luís;FORA DA RMGSL;Carro próprio;Carro próprio;Entre 1 e 2 horas;Muito raramente
2025/05/05 12:40:17 PM GMT-3;60 anos ou mais;Ensino Fundamental incompleto;Entre 1 e 2 salários mínimos;Pontual (evento esporádico, como consulta médica, lazer, etc.);Manhã (5h - 12h);Saúde (consultas médicas, exames);Saúde (consultas médicas, exames);São Luís;FORA DA RMGSL;Carona com alguém;Carona com alguém;Entre 1 e 2 horas;1 a 3 vezes por mês
2025/05/05 12:42:46 PM GMT-3;45 a 59 anos;Ensino Médio completo;Entre 1 e 2 salários mínimos;Rotineira (faço regularmente, como trabalho ou estudo);Manhã (5h - 12h);Trabalho;Trabalho;São Luís;FORA DA RMGSL;Carona com alguém;Carona com alguém;Mais de 2 horas;Muito raramente
2025/05/05 12:48:23 PM GMT-3;Menos de 18 anos;Ensino Médio completo;Prefiro não dizer;Pontual (evento esporádico, como consulta médica, lazer, etc.);Madrugada (00h - 5h);Lazer;Lazer;São Luís;FORA DA RMGSL;Transporte alternativo - Van;Transporte Alternativo;Mais de 2 horas;Muito raramente
2025/05/05 12:52:26 PM GMT-3;25 a 34 anos;Ensino Médio completo;Entre 1 e 2 salários mínimos;Pontual (evento esporádico, como consulta médica, lazer, etc.);Manhã (5h - 12h);Visita a amigos/familiares;Visita a amigos/familiares;São Luís;FORA DA RMGSL;Transporte alternativo - Van;Transporte Alternativo;Entre 1 e 2 horas;Muito raramente
